title,doi,year
Identifying and monitoring pain in farm animals: a review,10.1017/S1751731112002406,2012
Alteration in Activity Patterns of Cows as a Result of Pain Due to Health Conditions,10.3168/jds.S0022-0302(07)71608-9,2007
"Pain pathophysiology and pharmacology of cattle: how improved understanding can enhance pain prevention, mitigation, and welfare",10.3389/fvets.2022.956891,2022
The Sheep Grimace Scale as an indicator of post-operative distress and pain in laboratory sheep,10.1371/journal.pone.0175839,2017
Optimal lameness induction model development using amphotericin B in meat goats,10.1093/tas/txad105,2023
Effects of pain on the facial expressions of goat kids,10.1080/09712119.2024.2343057,2024
Imaging in the diagnosis and characterization of tennis leg.,10.1007/s00256-026-05212-4,2026
Tourniquet Duration and Early Clinical and Biomarker Outcomes in Total Knee Arthroplasty: A Comparative Cohort Study.,10.3390/jcm15072675,2026
Late-onset Legg-Calvé-Perthes Disease Treated with Varus Derotation Femoral Osteotomy: A Case Report.,10.13107/jocr.2026.v16.i04.7106,2026
Pediatric Hip Pathology in Eastern India. A Cross-sectional Study on Types and Incidence.,10.13107/jocr.2026.v16.i04.7170,2026
Acupuncture-Integrated Chinese-Western Medicine Accelerated Rehabilitation Protocol Following Acute Achilles Tendon Repair: A Prospective Cohort Study.,10.1111/os.70309,2026
Interventions to mitigate pain and reduce skin impedance during neuromuscular electrical stimulation.,10.1016/j.cnp.2026.02.005,2026
Histologic Evaluation of Piezotome and Traditional Osteotomy Techniques in Posterior Maxillary Rhinoplasty.,10.1097/SCS.0000000000012734,2026
Feasibility and early outcomes of single-stage hybrid revascularization for femoroiliac occlusive disease in patients with advanced peripheral arterial disease.,10.14744/nci.2026.39111,2026
THE EFFECT OF PERFUSION WITH AND WITHOUT MECHANICAL LOADING ON AN IN VITRO MODEL OF THE OUTER ANNULUS FIBROSUS-CARTILAGE ENDPLATE INTERFACE.,10.1016/j.actbio.2026.03.047,2026
Foot orthoses for forefoot pressure reduction and the hypothesized role in calf muscle stretching: A systematic review highlighting an evidence gap.,10.1016/j.foot.2026.102251,2026
Characterizing neuroma-like formation after tail docking in sheep.,10.1016/j.rvsc.2026.106157,2026
Hydrodynamic Characteristics of Bovine Pericardial and Porcine Valves Using a Mock Circulatory System Mimicking the Aortic and Pulmonary Positions.,10.3349/ymj.2025.0174,2026
"Global, regional, and national burden of meningitis, its risk factors, and aetiologies, 1990-2023: a systematic analysis for the Global Burden of Disease Study 2023.",10.1016/S1474-4422(26)00101-8,2026
Reconstruction of Deep Partial-Thickness Burns With Ovine Forestomach Matrix: Results From a Prospective Observational Study.,10.7759/cureus.105987,2026
Comparing two types of platelet-rich fibrin membranes in the management of dehiscence defects with simultaneous implant placement in the posterior mandible: a randomized controlled trial.,10.1186/s12903-026-08043-w,2026
Molecular identification with virulence gene profiles and in-vitro antifungal susceptibility of Candida species associated with subclinical mastitis in Anatolian buffaloes and dairy cows.,10.1007/s11259-026-11158-8,2026
Return-to-Play Criteria Following Lower Limb Muscle Injuries in Soccer: A Systematic Review with Evidence Synthesis.,10.1007/s40279-026-02404-9,2026
Comparing the performance of deep learning video-based models and trained veterinarians in cattle pain assessment.,10.1038/s41598-026-39604-2,2026
Effect of Prebiotic Supplementation With and Without Physiotherapy on Pain and Pain Sensitivity in People with Knee Osteoarthritis.,10.3390/nu18050714,2026
The Influence of Environmental Conditions and Husbandry Practices on Goat Welfare.,10.3390/ani16050838,2026
24-48 h initiation by transdermal buprenorphine for the treatment of opioid use disorder in the inpatient setting: a retrospective chart review.,10.1186/s13722-026-00657-3,2026
Preliminary assessment of an adhesive gel barrier for the treatment of udder cleft dermatitis in dairy cows.,10.1002/vetr.70494,2026
Vertebral artery contribution to cerebral cortex perfusion in cattle after slaughter by ventral neck incision: a systematic review.,10.3389/fvets.2026.1760260,2026
Effects of hot-iron application method on wound characteristics and healing in dairy calves.,10.3168/jds.2025-27866,2026
A missense mutation in the bovine NPBWR2 gene introgressed from Bos javanicus into Chinese indicine cattle.,10.1080/10495398.2026.2633924,2026
"Safety and efficacy of the polymer enhanced AS-ELARIS(®) pedicle screw system using ultrasonically liquefied polylactide: a short-, mid-, and long-term posterolateral fusion study in sheep.",10.1186/s13018-026-06773-9,2026
"TIE2-positive cells in the nucleus pulposus with a purpose: the who, what and why.",10.1186/s12929-026-01220-7,2026
Comparison between moderate-load and high-load exercises in the rehabilitation of runners with Achilles tendinopathy: Protocol for a blind randomized controlled trial.,10.1371/journal.pone.0342934,2026
Detecting the body's reproductive hormonal brake against tissue overgrowth: Micrin/SgII-70.,10.1371/journal.pone.0340980,2026
"Echinococcus Granulosus, a Parasite Producing Hydatid Cyst: A Review.",10.32592/ARI.2025.80.3.543,2025
The use of Diathermic Syncope® for stunning cattle.,10.2903/j.efsa.2026.9934,2026
"Eosinophilic esophagitis in Colombian children: relationship between food allergens, symptoms and endoscopic findings.",10.1136/bmjpo-2025-004041,2026
The Effect of Genipin Matrix Augmentation on the Retention of Glycosaminoglycans in the Intervertebral Disc-A Pilot Study.,10.3390/bioengineering13020175,2026
The effect of bioactive membrane in alveolar ridge preservation: A double-blind randomized clinical trial.,10.1002/jper.70094,2026
Validation of the Zürich composite measure pain scale (ZCMPS) for abdominal pain assessment in cows.,10.1016/j.vaa.2026.101196,2026
Epigenetic landscape of the H3K27me3 mark in macrophages transformed by Theileria annulata.,10.1038/s42003-026-09735-3,2026
Development and optimization of in-house made indirect ELISA kit for the detection of antibodies against Pasteurella multocida in chicken.,10.1186/s12865-026-00818-8,2026
"Efficacy of High-Intensity Laser Therapy Combined With Plantar Fascia Stretching Exercises in the Treatment of Plantar Fasciitis: Randomized, Double-Blind, Sham-Controlled Trial.",10.2196/77419,2026
"Real-world effectiveness of a phlebotonic formulation combining diosmin, Ruscus, Melilotus and Vitis vinifera on symptoms and quality of life in patients with chronic venous and lymphatic disease: results from the VIVEMA Stasis observational study.",10.7573/dic.2025-10-1,2026
"Vibration Rolling, Non-Vibration Rolling, and Static Stretching for Delayed- Onset Muscle Soreness on Physiological Changes and Recovery of Athletic Performance in Runners.",10.52082/jssm.2026.149,2026
"Evaluating the clinical effectiveness and staff feedback of a 2-week versus 3-week lower limb rehabilitation programme at the Defence Medical Rehabilitation Centre, Stanford Hall (UK).",10.1136/military-2025-003211,2026
Feasibility of low-field magnetic resonance imaging (lf-MRI) for longitudinally evaluating experimentally induced lumbar intervertebral disc injuries in goat models (Capra hircus): A pilot study.,10.1371/journal.pone.0325577,2026
Chikungunya virus-induced persistent allodynia is accompanied by joint microenvironmental changes and involves cartilage degradation and TRPA1 activation.,10.1111/bph.70362,2026
Validation of the Korean version of the Clinical Opiate Withdrawal Scale.,10.3389/fpubh.2025.1706053,2025
"Influence of a repeated peripheral electrical stimulation on substance P and cortisol concentrations, and behavior in German Simmental calves - a pilot study.",10.3389/fvets.2026.1752497,2026
"Assessment of Moringa oleifera and Clitoria ternatea as non-conventional protein sources: chemical composition, greenhouse gas production, and rumen fermentation.",10.1007/s11250-026-04897-y,2026
Tears and saliva as alternative matrices for minimally invasive assessment of acute stress and pain in sheep.,10.3389/fvets.2026.1719442,2026
"An 18-year retrospective analysis of changing patterns in pediatric brucellosis in Jinan, China.",10.1038/s41598-026-37538-3,2026
Transfer factor alleviates bovine mastitis and protects mammary epithelial barrier via the TAK1/NF-κB/MLCK signaling axis.,10.1093/jas/skag039,2026
Neuroimmune Activation in a Goat Model of Intervertebral Disc Degeneration.,10.3390/cells15030286,2026
Quantitative Understanding of Advanced Novel Imaging Techniques for Fasciitis and Biosignature Yield (Quantify): Protocol for a Cross-Sectional Diagnostic Study.,10.2196/87613,2026
MrgprC11 expression and function in vagal afferent nerves in the esophagus.,10.1152/ajpgi.00363.2025,2026
A Case of Viral Myositis.,10.7759/cureus.101032,2026
"Brief research report: Fertility, teat, and body condition of foster cows in a cow-calf contact system.",10.3389/fvets.2025.1678081,2025
Solitary plasmacytoma of the tibia: literature review and case report.,10.3389/fonc.2026.1503479,2026
Comparative effects of conventional cow's milk versus milk free of A1-type beta-casein on gastrointestinal physiology and symptoms of digestive discomfort in participants intolerant to conventional cow's milk: a pilot randomised controlled trial.,10.1186/s12937-026-01288-9,2026
"LOXL2 deletion triggers TMJ osteoarthritis, while overexpression protects it from NF-κB-induced chondrocyte apoptosis.",10.1038/s41368-025-00409-0,2026
"Analgesic interventions in surgically castrated beef calves: impacts on biomarkers, thermography, and growth performance under tropical conditions.",10.1007/s11250-025-04832-7,2026
Total hip arthroplasty in children with osteoarthritis: A retrospective cohort study.,10.1016/j.arcped.2025.12.004,2026
[Orf Infection Localized in the Earlobe: The First Case Report in the Literature].,10.5578/mb.20260197,2026
Complex Mechanical Loading and Pro-Inflammatory Cytokines in Intervertebral Disc Degeneration.,10.1002/jsp2.70159,2026
A Complex Case of Refractory Exertional Compartment Syndrome With Fibular Neuropathy in an Athlete.,10.1097/JSM.0000000000001419,2026
"Descriptive, comparative, and functional anatomy of the facial musculature in cattle (Bos taurus).",10.1002/ar.70124,2026
Lower Extremity Injuries in Elite Snowsport Athletes: A Retrospective Survey.,10.3390/jcm15020695,2026
Dexmedetomidine Versus Clonidine as an Adjuvant to Lidocaine Spinal Anesthesia in an Ovine Experimental Model.,10.3390/ani16020197,2026
An albumin-based NIR-II fluorescence/MRI bimodal imaging probe for precise diagnosis of lymph node tumor metastasis.,10.1039/d5tb02269j,2026
Case report on critical well-leg compartment syndrome: early diagnosis and treatment after cervical cancer surgery.,10.1007/s13691-025-00815-5,2026
Influenza B-Triggered Secondary Hemophagocytic Lymphohistiocytosis in an Adult Male: A Diagnostic Challenge.,10.7759/cureus.99955,2025
"Burden of chronic respiratory disease in Asia, 1990-2023: a systematic analysis for the Global Burden of Disease Study 2023.",10.1016/S2213-2600(25)00404-7,2026
"Clinical Profile and Severity Correlation of Acute Leptospirosis in Northern India, 2019-2023: A Tertiary Care Center-based study.",10.2174/0127722708436787251112233505,2026
Transcriptomic and Functional Comparison of Cells Isolated From Healthy and Degenerated Ovine Intervertebral Discs.,10.1111/jcmm.71026,2026
T cell proliferative response to a homocitrullinated peptide correlates with joint pathology in collagen induced arthritis.,10.1016/j.jtauto.2025.100345,2026
Chronic Q Fever Presenting as a Contained Rupture of an Infected Native Aortic Aneurysm: A Case Report.,10.1016/j.ejvsvf.2025.11.003,2026
Botulinum Toxin Type A Injection Into the Medial Gastrocnemius for Refractory Plantar Fasciitis: A Case Series.,10.7759/cureus.99254,2025
A Giant Baker's Cyst in a Patient With Rheumatoid Arthritis: An Unusual Case.,10.7759/cureus.99293,2025
Eleven-Year-Old Girl With Bilateral Leg Pain: A Case Report on Recognizing Hypoparathyroidism in Pediatric Practice.,10.1016/j.pedhc.2025.12.023,2026
Thermographic response to acute muscle fatigue and delayed onset soreness (DOMS) following a protocol until exhaustion with concentric exercises in the triceps suralis.,10.1088/1361-6579/ae37c4,2026
Sex Hormones Attenuate Pro-Inflammatory Gene Expression in Nucleus Pulposus and Annulus Fibrosus Cells in a Cell-Type Specific Manner.,10.1002/jsp2.70152,2026
Relation between clinical findings and diagnostic parameters in patients undergoing superficial venous intervention for symptomatic chronic venous disease due to isolated venous reflux.,10.1016/j.jvsv.2026.102445,2026
Cationic liposome-mediated intra-articular delivery of lorecivivint for osteoarthritis treatment.,10.1016/j.ejpb.2026.114980,2026
"Non-ideal osmolality behavior in high-concentration protein formulations: mechanistic insights from freezing-point depression, vapor-pressure deficit, and molecular dynamics simulations.",10.1016/j.ijpharm.2026.126553,2026
Assessing Physiological and Behavioral Stress Parameters in Trained Goats During Repeated Blood Sampling.,10.3390/ani16010105,2025
Bilateral rhabdomyolysis after radical hysterectomy in the prolonged lithotomy position: a case report.,10.1186/s13256-025-05071-y,2026
Comparison of serological tools for reliable diagnosis of brucellosis circulation in the West-African context.,10.1186/s12917-025-05183-z,2026
Isolated Lateral Calf Compartment Syndrome from a Sports Injury: A Case Report and Review of the Literature.,10.2106/JBJS.CC.25.00121,2026
Yoga for Opioid Withdrawal and Autonomic Regulation: A Randomized Clinical Trial.,10.1001/jamapsychiatry.2025.3863,2026
"Plantar fasciopathy: a comprehensive, evidence-based guide for diagnosis and treatment.",10.23736/S0022-4707.25.16993-4,2026
A comparison of short-term analgesic effects of xylazine alone or combined with levomethadone or ketamine in calves after hot-iron disbudding.,10.3168/jds.2025-27126,2026
Arthroscopic Bioinductive Collagen Scaffold Augmentation in High-Risk Posterosuperior Rotator Cuff Tears: Clinical and Radiological Outcomes.,10.3390/jcm14248797,2025
Viral glycoprotein-mimicking peptide-functionalized micelles promote drug delivery to diseased chondrocytes for osteoarthritis alleviation.,10.1038/s41565-025-02082-0,2026
Harnessing Antioxidants for Enhanced Bovine Embryo Production: Current Insights and Future Directions.,10.1111/rda.70156,2025
Differences in calf-raise exercise and short-foot exercise on feedforward and feedback activation in healthy young.,10.1016/j.ptsp.2025.11.004,2026
Antibiotics guided by metagenomic next-generation sequencing to control infection after total knee arthroplasty: A case report and literature review.,10.1097/MD.0000000000046734,2025
Infectious Aortitis Presenting as Constipation: A Diagnostic Pitfall.,10.7759/cureus.97129,2025
Design and evaluation of a magnetic resonance-guided focused ultrasound system for the treatment of cervical spine pain.,10.1002/mp.70221,2026
"Global burden of lower respiratory infections and aetiologies, 1990-2023: a systematic analysis for the Global Burden of Disease Study 2023.",10.1016/S1473-3099(25)00689-9,2026
Doxycycline and IGF-1 as a synergistic combination therapy for OA disease modification.,10.1016/j.biopha.2025.118897,2026
Musculoskeletal and work characteristics of Brazilian reproduction veterinarians with shoulder and neck symptoms: A cross-sectional study.,10.1177/10519815251400863,2025
Sensitivity of Structural and Mechanical Markers of Muscle and Tendon Damage Responses After Eccentric Plantar Flexor Exercise.,10.1519/JSC.0000000000005319,2026
Incorporation of Pattern Recognition Receptor Agonists in Hydrogels to Induce Rotator Cuff Healing.,10.1177/19373341251404400,2025
Assessment of lasting pain following castration in 2-week-old calves.,10.1016/j.animal.2025.101719,2026
Bovine lactoferrin-induced antinociception through 5-HT(1A/1D) receptors in formalin-induced tonic pain.,10.1016/j.neulet.2025.138490,2026
"Calf Strains in Athletes: A Narrative Review of Management, Injury Grading, and Return to Sport.",10.1186/s40798-025-00960-4,2025
Efficacy of an acute bout of isometric wall squat exercise on pain sensitivity and clinical pain intensity in adults with knee osteoarthritis: a randomised controlled trial in outpatient physiotherapy clinics in Saudi Arabia.,10.1136/bmjopen-2025-103756,2025
The feasibility of a subgroup approach to create sensory-motor behavioral response profiles from a modified quantitative sensory test in cerebral palsy.,10.1097/j.pain.0000000000003884,2025
Gastrocnemius-soleus intramuscular lipoma misinterpreted as hemangioma: a rare case report.,10.1097/MS9.0000000000004070,2025
Ultrasound-Triggered Gelation for Restoring Biomechanical Properties of Degenerated Functional Spinal Units.,10.1002/adhm.202501823,2026
Establishment and Characterization of Bovine Trophoblast Stem Cells Growing as Adherent Cells or Vesicles.,10.1002/mrd.70073,2025
Is the temporomandibular joint affected by rheumatoid arthritis? A comparative investigation with knee arthritis in an experimental rat model.,10.1111/joa.70080,2025
Efficacy and safety of the stellate ganglion block for posttraumatic stress disorder in veterans: Rationale for and methods of a multisite trial.,10.1016/j.cct.2025.108180,2026
Pharmacokinetics and tolerability of liposomal synthetic cannabidiol subcutaneous depot in Holstein dairy calves.,10.3168/jds.2025-27373,2026
Engineered microalgae-driven gel platform promotes the repairing of senescence-associated intervertebral disc degeneration in rats and goats.,10.1016/j.jconrel.2025.114500,2026
Impact of carotid artery sectioning on cerebral blood flow in bovines: a numerical hemodynamic study.,10.2460/ajvr.25.09.0347,2026
"Quantifying the fatal and non-fatal burden of disease associated with child growth failure, 2000-2023: a systematic analysis from the Global Burden of Disease Study 2023.",10.1016/S2352-4642(25)00303-7,2026
Integrating multi-modal data fusion approaches for analysis of dairy cattle vocalizations.,10.3389/fvets.2025.1704031,2025
Intervertebral disc degeneration is accelerated by GH overexpression but attenuated by GH antagonism.,10.1007/s11357-025-02022-9,2025
Effect of butorphanol in combination with xylazine during castration of calves: A randomised trial under field conditions.,10.1002/vetr.6017,2025
A biomechanical digital twin of Legg-Calvé-Perthes disease deformity.,10.1007/s11548-025-03553-4,2025
"E1K, a disease-modifying drug candidate for knee osteoarthritis, alleviates pain and regenerates cartilage simultaneously by inhibiting TGF-β1-mediated SMAD1/5/9 signaling in osteoarthritis models.",10.1016/j.joca.2025.11.010,2026
Pain in sickle cell disease: a prospective multicentre community-based cohort study in underserved Indian communities.,10.1080/17474086.2025.2597360,2026
[Efficacy of CMC-Na oral film combined with rb-bFGF gel in the treatment of radiation-induced oral mucositis in patients with head and neck cancer].,,2025
Nutritional and Supplemental Interventions for Prevention and Treatment of Oral Mucositis in Pediatric Oncology.,10.3390/nu17223521,2025
"Liposomal-synthetic-cannabidiol: preliminary translational evidence of efficacy, tolerability and pharmacokinetics following repeated subcutaneous injections in two goats.",10.3389/fphar.2025.1689226,2025
Impact of adjustable resistance clamps on the in-vitro hemolysis assessment of blood pumps.,10.1038/s41598-025-25380-y,2025
Genetic analysis and quantitative trait loci detection of udder traits in Jersey cattle.,10.1186/s12864-025-12235-z,2025
Post-Streptococcal Myositis: Etiology of Myalgia and Severe Inflammation in a Child.,10.1542/peds.2025-070952,2025
A critical comparison of polypropylene and polyurethane sling materials after implantation in a suburethral sheep model.,10.1016/j.biomaterials.2025.123852,2026
Platelet-rich plasma application for the management of early-stage Canine Legg-calvé-perthes disease: A clinical case report.,10.5455/OVJ.2025.v15.i10.60,2025
Inflammatory-induced swelling after total knee arthroplasty: Obesity and preoperative joint pain as key predictors.,10.1186/s42836-025-00344-9,2025
"Clinical epidemiological characteristics and treatment outcomes of Brucella spondylitis in Ningxia, China: a 12‑year single‑center retrospective study.",10.1186/s12879-025-12101-z,2025
"Missed for Years, Cured in Hours: Surgical Excision of a Popliteal Schwannoma With Intraoperative Neuromonitoring.",10.7759/cureus.94392,2025
Main Husbandry Practices and Health Conditions That Affect Welfare in Calves: A Narrative Review.,10.3390/ani15213064,2025
Variation in perceptions of pain and attitudes towards non-steroidal anti-inflammatory drug use for different lameness scenarios in dairy cattle.,10.1002/vetr.5919,2026
Development and evaluation of an in situ gelling flurbiprofen throat spray for enhanced mucosal drug delivery and throat inflammation treatment.,10.1007/s00210-025-04785-6,2026
"Safety and functional evaluation of a synthetic lamina cover that replaces lost autologous spinal bone after laminectomy, in a sheep and human study.",10.1016/j.xnsj.2025.100795,2025
Type of study: original study.,10.1007/s10103-025-04739-7,2025
Exploring biomarkers of change in movement-evoked pain in Achilles tendinopathy: A secondary analysis of a randomized controlled trial.,10.1016/j.clinbiomech.2025.106706,2026
Short communication: salivary cortisol concentrations and lying behavior of ewes in response to semi-laparoscopic and laparoscopic embryo transfer.,10.1093/jas/skaf381,2025
The Impact of the Ovine Annular Lesion Model on IVD Pathobiology and Utility of the Ovine Spinal Model in Patho-Anatomical Studies: A Historical Perspective.,10.1002/jsp2.70128,2025
Proteins as indicators of stress and pain in lambs after castration by a rubber ring with and without pain relief.,10.1016/j.theriogenology.2025.117741,2026
Evaluation of the cardiorespiratory and antinociceptive effects of the total intravenous anesthesia technique with xylazine-butorphanol-propofol compared to isoflurane in calves under experimental laparotomy.,10.3389/fvets.2025.1688448,2025
Magnetic resonance imaging provides accurate measures of cartilage creep and biomechanical tissue properties: Ex vivo comparison to ground truth mechanical testing.,10.1016/j.jmbbm.2025.107251,2026
Evaluating Policresulen for Disbudding Dairy Calves: A Two-Part Study on Calf Welfare and Consumer Perceptions.,10.3390/ani15202977,2025
"Impact of Two Surgical Techniques for Umbilical Hernia Repair, With and Without Peritoneal Opening, on Pain Response, Sedation, and Oxidative Stress in Calves.",10.3390/vetsci12100963,2025
Attitudes Towards Animals and Calf Disbudding Techniques: A Mixed Methods Study Using the Animal Attitude Scale (AAS-10).,10.3390/vetsci12100939,2025
Needle-free vascular access port for hemodialysis: Proof-of-concept validation in an experimental animal study.,10.1016/j.jvscit.2025.101983,2025
Combined sodium aescinate and calf blood extract gel for corneal foreign body injury.,10.36721/PJPS.2025.38.6.REG.14567.1,2025
"Global, regional, and national sepsis incidence and mortality, 1990-2021: a systematic analysis.",10.1016/S2214-109X(25)00356-0,2025
From growing pains to growing evidence: a 2025 update on novel insights in lower limb osteochondroses.,10.1097/MOP.0000000000001523,2026
First steps in the development of an ovine proximal phalanx fracture and bone defect model: a study of animal welfare and bone healing.,10.3389/fvets.2025.1662553,2025
Efficacy and adverse effects of three delivery methods for aerosolized salbutamol in anesthetized European moose (Alces alces alces): a case series.,10.1186/s13028-026-00856-7,2026
"Anatomy, Bony Pelvis and Lower Limb: Calf.",,2026
Antimicrobial treatment of Brucella-infected prosthetic knee with sinus tract: A case report.,10.1097/MD.0000000000046946,2026
Influenza-Associated Benign Acute Childhood Myositis During the 2024-2025 Season: A Retrospective Multicenter Study.,10.3390/children12101333,2025
Intramuscular hemangioma presenting as ankle equinus deformity in a pediatric patient: a case report and literature review.,10.1093/jscr/rjaf847,2025
"Ontario dairy veterinarians' perspectives on down cow care, producer decision making, and implementation of recommended practices: A qualitative interview study.",10.3168/jds.2025-27044,2025
Correlations between the Central Sensitization Inventory and measures of endogenous pain modulation in women with fibromyalgia.,10.1016/j.msksp.2025.103436,2025
Popliteal Artery Entrapment Syndrome: A Review of Current Concepts.,10.1177/00031348251391843,2026
Clinical and radiographic outcomes of entire papilla preservation versus open flap debridement using bovine-derived xenograft and leukocyte- and platelet-rich fibrin in the treatment of isolated intrabony defects.,10.1186/s12903-025-07008-9,2025
Mindfulness meditation reduces pain more effectively than slow-breathing meditation: the mediating role of respiration.,10.1097/j.pain.0000000000003832,2026
Biotinidase as a novel biomarker for pain assessment in dairy cattle.,10.1097/PR9.0000000000001338,2025
Rebound warfarin toxicity presenting with spontaneous hemopericardium in cardiac tamponade: a case report.,10.1186/s12245-025-01037-5,2025
Digital Therapeutic Intervention for Venous Thromboembolism Prevention: Efficacy Evaluation of Telemonitored Ankle Pump System in Tibial Plateau Fracture Patients.,10.62713/aic.4045,2025
Fluoroquinolone-Associated Tendinopathy Presenting As Calf Myotendinous Strain.,10.7759/cureus.92201,2025
[Correlation analysis of clinical features between wet and dry gangrene in diabetic foot].,10.12200/j.issn.1003-0034.20250032,2025
High-Resolution 3-Dimensional Micro-CT Imaging of Intervertebral Discs Using a Novel Contrast Agent.,10.1002/jsp2.70125,2025
Effects of neuromuscular electrical stimulation on symptoms of chronic venous disease of the lower limbs: A systematic review.,10.1177/1358863X251361486,2026
Cardiotoxicity Secondary to Accidental Tilmicosin (Micotil®300) Ingestion in a Young Shepherd: A Case Report.,10.12659/AJCR.948094,2025
"Associations Between Post-traumatic Seizures, Antiseizure Medication, and Duration of Post-traumatic Amnesia: A Retrospective Cohort Analysis.",10.1016/j.apmr.2025.09.020,2025
A Large Calf Mass in a Patient with Rheumatoid Arthritis: Giant Pannus Filling Baker's Cyst.,10.4103/jmu.jmu_40_24,2025
Sarcopenia as an Independent Predictor of Poorer Functional Outcomes in Patients Undergoing Post-hip Fracture Rehabilitation.,10.7759/cureus.91105,2025
Idiopathic Flatfoot in Children and Adolescents Treated with Arthroereisis-Muscle Recession May Not Be Necessary in Feet with Mild Gastrocnemius Shortening.,10.3390/children12091239,2025
Effects of methotrexate on Wnt/β-catenin signaling and glial activation in temporomandibular joint arthritis in rats.,10.1111/eos.70041,2025
The observational chart for traumatic limb swelling enhances diagnostic accuracy for osteofascial compartment syndrome.,10.1016/j.cjtee.2025.08.004,2025
Myotonic Dystrophy Type 2.,,1993
"Assessing the relationship between incisor wear, age, and body condition in Dohne Merino ewes (Ovis aries).",10.1017/awf.2025.10027,2025
Fasd (Venesection) as a Treatment Option for Sciatica (Irq al-Nasa): A Case Report.,,2025
Increased growth rate post-weaning affects mammary gene expression of two-year-old ewes during their second pregnancy and lactation.,10.1093/jas/skaf320,2025
"Recharging Healthcare Professionals: A Randomized Controlled Trial on the Impact of Automated Massage Chairs on Depression, Anxiety, Stress, Musculoskeletal Pain, and Biochemical Markers.",10.1002/hsr2.71226,2025
A Composite Dermal Matrix Comprising Ovine Forestomach Matrix and Hyaluronic Acid in the Treatment of Chronic Wounds Secondary to Calciphylaxis: A Case Series and Literature Review.,10.1097/ASW.0000000000000361,2025
The effect of combined dry needling and stretching exercises on pain and function in patients with patellofemoral pain: A randomized clinical trial.,10.1016/j.jbmt.2025.05.072,2025
Feature Extraction and Automatic Recognition Model Construction for Head Back Posture During the Parturition Process in Dairy Cows.,10.3390/ani15172470,2025
Current Trends and New Developments in Assessing and Managing Pain in Cattle.,10.1016/j.cvfa.2025.07.005,2025
Minimum 5-Year Outcomes After Minimally Invasive Achilles Tendon Reconstruction Using Autologous Hamstring Grafts.,10.1177/24730114251363880,2025
Effectiveness of customized healing abutments in immediate implants: a randomized clinical trial.,10.1590/1807-3107bor-2025.vol39.084,2025
Bleomycin Electrosclerotherapy (BEST) of Slow-Flow Vascular Malformations (SFVMs) in Children.,10.1016/j.jpedsurg.2025.162631,2025
Exploring the alleviating effect and mechanism of the diterpenoid alkaloid Polyschistine D on rheumatoid arthritis based on network pharmacology and non-targeted metabolomics.,10.1016/j.intimp.2025.115436,2025
Is the weight-bearing lunge test a better tool for assessing ankle mobility in chronic venous insufficiency? A reliability and validity study.,10.1177/02683555251377308,2025
Preclinical safety and feasibility of a bupivacaine-loaded hydrogel for pain relief after spinal surgery.,10.1038/s41598-025-17790-9,2025
Brain levels of the neurotransmitter γ-aminobutyric acid are reduced in people with HIV-related neuropathic pain.,10.1097/j.pain.0000000000003794,2026
Integration of genome and transcriptome reveals core genes and allele-specific expression genetic variants associated with immune differentiation of taurine ancestry dairy cattle from indicine ancestry cattle.,10.1186/s12864-025-11936-9,2025
Open Wound Healing in Guided Bone Regeneration Using a Magnesium Membrane: A Paradigm Shift.,10.1002/jbm.b.35642,2025
"Rift Valley fever outbreak among animal handlers in Kinyogoga Village, Nakaseke District, Central Uganda: A case study.",10.1371/journal.pgph.0003420,2025
Use of a lidocaine impregnated band improved behavioral and physiological indicators of pain during tail docking in lambs.,10.1093/jas/skaf281,2025
"The unique molecular signature of TMJ as compared to the knee, demonstrates its susceptibility to osteoarthritis.",10.1016/j.job.2025.100680,2025
The (digestive) path less traveled: influenza A virus and the gastrointestinal tract.,10.1128/mbio.01017-25,2025
Wound characteristics after disbudding: Part II-Comparing cautery and caustic paste methods.,10.3168/jds.2025-26687,2025
Wound characteristics after disbudding: Part I-Effects of caustic paste dose and presence of hair.,10.3168/jds.2025-26688,2025
Influenza B-associated acute myositis in a child in Sri Lanka: a case report.,10.1186/s13256-025-05072-x,2025
Pain and pessimism affect calves' play behaviours post-disbudding.,10.1007/s44338-025-00105-7,2025
Four-site distal paravertebral blocks improve physiologic indicators of analgesia in the immediate postoperative period as opposed to a 3-site distal paravertebral block.,10.2460/javma.25.02.0120,2025
Transdermal delivery of antenatal steroids to promote fetal lung maturation: Proof of principle data from sheep and non-human primate models.,10.1186/s12916-025-04267-9,2025
Use of type I bovine collagen membranes for treating deep and perforating corneal ulcers in brachycephalic dogs: a case series.,10.1007/s11259-025-10829-2,2025
Impact of Tourniquet Use on Arthroscopic Anterior Cruciate Ligament Reconstruction: A Systematic Review and Meta-Analysis of Randomized Controlled Trials.,10.2106/JBJS.24.00792,2025
"The Effects of Pulsed Electromagnetic Field (PEMF) on Muscular Strength, Functional Performance and Depressive Symptoms in Elderly Adults with Sarcopenia: A Short-Term Intervention.",10.3390/life15071111,2025
Welfare of beef cattle.,10.2903/j.efsa.2025.9518,2025
Rapid post exercise venous refilling time is an independent contributor to chronic venous insufficiency.,10.1016/j.jvsv.2025.102292,2025
Efficacy of pain management for cattle castration: A systematic review and meta-analysis.,10.1017/awf.2025.10016,2025
An investigational time-course study using an in vivo ovine laminectomy model for the neurohistopathological evaluation of hemostatic agents.,10.21037/atm-25-10,2025
Needle aspiration technique as a supportive tool for clinical diagnosis of anorectal atresia in calves.,10.1186/s12917-025-04912-8,2025
Post-traumatic myotendinous junction injury of tibialis posterior: A case report.,10.1177/1742271X251356780,2025
Effects of an herbal tincture therapy and willow bark (Salix extract) on the physiological and behavioral response to disbudding in dairy calves under organic management.,10.3168/jds.2024-26239,2025
Sheep femoral artery occlusion is well tolerated and does not result in ischemia.,10.1002/ame2.70065,2025
Neurophysiological effects of high-frequency spinal cord stimulation on cortico-sensory areas in large ovine animal model.,10.1016/j.jpain.2025.105493,2025
Development and evaluation of a novel lateral flow immunoassay for rapid diagnosis of brucellosis across different animal species.,10.1038/s41598-025-08741-5,2025
"Seroprevalence and risk factors associated with Leptospira Hardjo among commercial dairy cattle farms of Rupandehi district, Nepal.",10.1186/s12917-025-04882-x,2025
Efficacy of focused low intensity pulsed ultrasound in reducing lower-extremity swelling and pain after total knee arthroplasty: a randomized study.,10.1007/s00264-025-06601-5,2025
Rapid loss of consciousness in cattle following nonstun slaughter: evidence from a systematic review.,10.2460/ajvr.25.02.0049,2025
Selection of experimental animals and modeling methods in developmental dysplasia of the hip research.,10.1530/EOR-2025-0006,2025
[Cardiac Angiosarcoma with Cardiac Tamponade due to Ruptured Right Atrium:Report of a Case].,,2025
Comparison of multiple drug regimens for reduction of synovitis-induced lameness pain in meat-type goats.,10.2460/ajvr.25.04.0134,2025
Biomechanical Comparison of the New-Generation Implant Designed for the Fixation of Patella Fractures with the Tension Band Method.,10.3390/medicina61060952,2025
Investigation of the effect of addition/replacement of bioactive glass to hydraulic calcium silicate cement.,10.1016/j.dental.2025.06.018,2025
Early Outcomes With Early Weightbearing Using Willits Protocol Following Haglund's Surgery.,10.7547/23-002,2025
Cutaneous Allodynia of the Withers in Cattle: An Experimental In Vivo Neuroanatomical Preliminary Investigation of the Dichotomizing Sensory Neurons Projecting into the Reticulum and Skin of the Withers-A Case Study on Two Calves.,10.3390/ani15121689,2025
Electrolytic Cleaning as Part of Surgical Reconstructive Peri-Implantitis Treatment: A Case Series.,10.3390/dj13060237,2025
Changes in daily rhythms of lying behaviour are associated with foot lesions in dairy cattle measured by degree of functional coupling.,10.1016/j.prevetmed.2025.106603,2025
A Rare Case of Orf Virus Precipitating Methicillin-Resistant Staphylococcus Aureus Bacteremia Superinfection Leading to Native Hip Joint Septic Arthritis.,10.13107/jocr.2025.v15.i06.5672,2025
"The influence of echocardiography as a stressful manipulation on substance P, cortisol, and behavior in calves - A pilot study.",10.1016/j.rvsc.2025.105751,2025
Comparing expert stakeholders' assessments of the relative impact of management practices on dairy calf welfare using best-worst scaling.,10.1016/j.prevetmed.2025.106587,2025
Medicated Meloxicam Pellets Reduce Some Indicators of Pain in Disbudded Dairy Calves.,10.3390/ani15111641,2025
Rare presentation of posterior tibial nerve compression at the median calf: A case report.,10.1016/j.radcr.2025.04.090,2025
"Remarkable healing of a severe wound through surgical debridement, honey medicinal application, amniotic membrane, and bovine collagen powder; A case report study.",10.1016/j.ijscr.2025.111468,2025
"Evaluation of Dairy Heifer Calves Submitted to Hot-Iron Branding: Behavior, Infrared Thermography, and Mechanical Nociceptive Threshold.",10.1080/10888705.2025.2515851,2025
Are self-reported exercise adherence measures associated with pain and function outcomes among participants receiving treatment for Achilles tendinopathy? A secondary analysis of a randomised controlled trial.,10.1016/j.msksp.2025.103362,2025
"The effect of sheep ghee on pain, stiffness, physical function, and range of motion of the knee joint in older people with osteoarthritis of the knee.",10.1016/j.jbmt.2025.04.007,2025
Tendon modification with percutaneous Ultrasound-Guided Tenotomy using TENEX®: A histological and macroscopic analysis of a bovine cadaveric model.,10.1016/j.inpm.2025.100590,2025
LOXL2 Deletion Triggers TMJ Osteoarthritis While Overexpression Protects Against NF-κβ-Induced Chondrocyte Apoptosis.,10.1101/2025.05.12.653519,2025
Unique TMJ-specific transcriptomic signature and its medial layer: Implications in osteoarthritis.,10.1101/2025.05.18.654737,2025
Acute Lateral Ankle Sprain Impairs Function and Strength Without Altering Muscle or Tendon Stiffness: A Controlled Observational Study.,10.1111/os.70082,2025
Characterizing age-related features for assessing biological age and characteristics in Xinjiang Brown cattle.,10.1186/s12864-025-11430-2,2025
In Vivo Measurements Reveal Increased Nucleus Pulposus Lactate and Oxygen Concentrations in a Goat Model of Intervertebral Disc Degeneration.,10.1002/jsp2.70076,2025
Intermittent Pneumatic Impulse Compression in the Treatment of Stasis Dermatitis-A Monocenter Randomized Controlled Trial.,10.3390/jcm14103321,2025
Novel Gels for Post-Piercing Care: Evaluating the Efficacy of Pranoprofen Formulations in Reducing Inflammation.,10.3390/gels11050334,2025
"The ""horizon gray band"" represents normal nucleus pulposus cells condense rather than intervertebral disc degeneration signal.",10.1097/JS9.0000000000002532,2025
Bovine pain scale: A novel tool for pain assessment in cattle undergoing surgery in the hospital setting.,10.1371/journal.pone.0323710,2025
Proximal origin variants of the plantaris muscle: a classification-based review with surgical and radiologic implications,10.1007/s00276-026-03828-8,2026
Evaluation of three methods of coaxial endoscopic lumbar fusion for treating lumbar degenerative diseases: a retrospective cohort study,10.1007/s10143-026-04138-8,2026
"Animal experimental study on the treatment of lumbar intervertebral disc degeneration with Chinese herbal compound: species selection, modeling method and drug administration",10.12307/2026.311,2026
Behaviors 3 and 6 weeks after caustic paste disbudding in dairy calves,10.1016/j.applanim.2026.106991,2026
Utilizing the adjustable Velcro system Compreflex® for patients with chronic venous leg ulcers: An observational multicenter clinical follow-up study,10.1177/02683555251357361,2026
One-hole split endoscope surgery with the aid of digital 3D technology for highly migrated lumbar disc herniation,10.12307/2025.851,2026
"Characterization of Ovine Intervertebral Disc Health Across the Lifespan: Relationships Between Quantitative MRI, Radiological, Histological, Biochemical, and Biomechanical Assessments",10.1002/jsp2.70169,2026
Comparative effects of post isometric relaxation and active release technique of calf muscles in young females; Randomized Clinical Trial,10.47391/JPMA.22142,2026
The potential use of tetracalcium phosphate in vertebral augmentation: A study in a sheep model,10.14744/tjtes.2026.62774,2026
Hippocampal myelin damage contributes to cognitive impairment in a rat model of trigeminal neuropathic pain: Neuroprotective and anti-inflammatory effects of atorvastatin,10.1016/j.neures.2026.105022,2026
Ultrasound-guided injection of ankle contouring with botulinum neurotoxin,10.1016/j.jpra.2025.11.034,2026
The Effect of Standard Compression Adjuvant with a Tailored Exercise Training Program on Health-Related Quality of Life Outcomes in Treating Adults with Venous Leg Ulcer: A Randomized Controlled Trial,10.1177/15347346231172566,2026
"Clinical Presentation, Management, and Outcomes of Mycobacterium Bovis Bacillus Calmette-Guérin (BCG) Infections: A Single-center Retrospective Review",10.1093/ofid/ofag071,2026
Immunometabolic–uterine–ovarian interactions and flushing therapy in dairy cows: a narrative review,10.14202/vetworld.2026.1097-1118,2026
Dietary vitamin E and selenium supplementation improve hematological responses and productivity of growing goats consuming diluted seawater under tropical conditions,10.14202/vetworld.2026.481-492,2026
Pathological Manifestations Rendering Pigs and Cattle Unfit for Transportation in Denmark,10.3390/ani16030394,2026
Health Status and Risk Assessment of Workers in Offset Printing Presses in a City of Western India,10.55489/njcm.170220265917,2026
"Effects of collagen supplementation on the physical, functional, and metabolic parameters in male soccer players: a randomized, double-blind, placebo-controlled study",10.22514/jomh.2026.020,2026
Efficacy and safety of sofosbuvir-based therapies for treating HCV in children: observations from a real-world setting,10.1007/s10096-025-05320-4,2026
Quantitative Ultrashort Echo-Time MRI to Assess In Vivo Rotator Cuff Tendon Quality,10.1002/jor.70158,2026
Complementary use of cachexia and malnutrition criteria improves prognostic stratification in patients with advanced cancer receiving palliative care,10.1016/j.clnesp.2025.102884,2026
Stage-Dependent Metabolic Responses to Oral Nutritional Supplementation in Cancer Cachexia: A Single-Arm Pilot Study,10.3390/nu18040597,2026
AI–Driven Multimodal Sensing for Early Detection of Health Disorders in Dairy Cows,10.3390/ani16030411,2026
Feedback Regulation of Pancreatic Juice Secretion in Pigs,10.3390/biom16020322,2026
Effects of Meloxicam on Oxidative Stress in Calves Undergoing Dehorning with Caustic Paste,10.22456/1679-9216.149779,2026
Effectiveness of Polyaxial Clamp-Rod Internal Fixation Method in Distal Femoral Fractures: Experimental Study in a Sheep Model,10.22456/1679-9216.152872,2026
Spinal microglial membrane glucocorticoid receptors regulate anti-hypersensitivity by stimulating dynorphin A expression,10.1016/j.ejphar.2025.178362,2026
Goats,10.1007/978-3-032-11407-5_17,2026
"Canadian cow–calf production in the east and west regions: insights into calving distribution, and adoption of calf management, feed and water testing, and animal health practices",10.1139/cjas-2025-0096,2026
Unveiling the Unexpected: Two Rare Cases of Human Fasciola hepatica Infection,10.4274/mjima.galenos.2025.25454.7,2026
Relationship of inertial measurement unit gait stability with pain intensity and kinesiophobia in patients with medial meniscus injuries,10.12307/2026.694,2026
Development and evaluation of a spray formulation combining triamcinolone acetonide and lidocaine for enhanced healing of mouth ulcers,10.1016/j.jddst.2025.107728,2026
From: “It’s just how she walks …” to “… any lameness is a welfare issue”–UK stakeholders’ perspectives on chronic lameness in dairy cows,10.1080/10888705.2025.2452956,2026
One Health Approach to Nutritional Status and Well-Being in Food Supply Chain Workers: A Study Protocol,10.3390/ijerph23010099,2026
A Heavy Price for Lightness: Pulmonary Embolism Following Tirzepatide Initiation,10.1016/j.aed.2026.02.005,2026
Calotropis gigantea Linn Flowers: A Novel Approach to Asthma Treatment,10.52711/0974-360X.2026.00068,2026
Diagnosis and management of traumatic injuries in pediatric patients secondary to dental local anesthesia: A systematic review,10.17219/acem/204391,2026
Ocular Safety Evaluation of Bemarituzumab in FGFR2b-Overexpressing Gastroesophageal Adenocarcinoma: A 42-Week Follow-Up Study,10.1080/09273948.2025.2603496,2026
Morphological Asymmetries and Their Relationship to Judo-Specific Performance in Youth Judokas,10.3390/app16020894,2026
Associations Between the Severity of Sarcopenia and Health-Related Quality of Life in Older Adults,10.3390/jcm15010161,2026
Management Of Kumarashosha (Undernutrition) In A Child With Ayurvedic Treatment Protocol- Case Report,10.25258/Ijddt.16.8s.74,2026
A Novel Unadjuvanted Subunit Respiratory Syncytial Virus Prefusion F Vaccine Induces Potent and Differentiated Functional Immune Responses Compared to AS01-Adjuvanted Arexvy in Older Adults,10.1093/ofid/ofaf758,2026
The Impact of Sarcopenia on the Clinical Profile of Hospitalized Pulmonary Embolism Patients: A Longitudinal Cohort Study,10.3390/app16021014,2026
Effects of multimodal nutritional intervention on nutritional status and clinical outcomes in patients with systemic sclerosis: study protocol for a randomised controlled trial,10.1136/bmjopen-2025-105894,2025
"Effects of Therapeutic Exercise on Pain, Range of Motion, and Patellar Tendon in Volleyball Players With Jumper’s Knee",10.33607/rmske.v2i33.1744,2025
Comparison between AI and human expert performance in acute pain assessment in sheep,10.1038/s41598-024-83950-y,2025
An open-source lightweight ear-tag mounted sensor for ML-based real-time monitoring of dairy calf activity,10.1016/j.atech.2025.101444,2025
Stranguria as a result of an 11 cm urachal abscess in a 7-month-old Bos taurus heifer,10.1002/vrc2.70197,2025
Randomised control trial to compare the efficacy of traditional Thai massage and ultrasound therapy for treating plantar heel pain,10.1186/s12906-025-04754-9,2025
Derivation and validation of a non-invasive optoacoustic imaging biomarker for detection of patients with intermittent claudication,10.1038/s43856-025-00801-1,2025
Clinical efficacy of lasers in the management of recurrent aphthous ulcers of oral cavity: a systematic review of randomized control trials,10.1007/s10103-024-04268-9,2025
Comparative efficacy of cast immobilization versus removable braces in patients with ankle fractures: a systematic review and meta-analysis,10.1186/s12891-025-08451-z,2025
Swimming exercise alleviates peripheral neuropathic pain by downregulating FTO and promoting m6A methylation of miR-183,10.1186/s10194-025-02176-z,2025
"A comparative evaluation of the efficacy of three commonly used diode lasers (810, 940, and 980-nanometer) to solder skin incisions: an experimental study in the rat",10.1007/s10103-025-04373-3,2025
"Body composition, bone mineral density, and functional impairment in axial spondyloarthritis: a 36-month longitudinal study",10.1186/s12891-025-09088-8,2025
Development and validation of the BPDKC model for predicting sarcopenic knee osteoarthritis in community-dwelling older adults: a cross-sectional study,10.1186/s12891-025-09311-6,2025
OncoNutridos study: Prevalence of disease-related malnutrition according to GLIM criteria in cancer patients in oncohaematology day hospitals,10.1016/j.clnesp.2025.11.008,2025
The maternal-offspring relationship in tailed and docked ewes and their lambs,10.1016/j.applanim.2025.106775,2025
"Efficacy and safety of ascending doses of emodepside in comparison with ivermectin in adults infected with Strongyloides stercoralis in Laos: a phase 2a, dose-ranging, randomised, parallel-group, placebo-controlled, single-blind clinical trial",10.1016/S1473-3099(25)00255-5,2025
Guidelines for Selecting Animal Models in Preclinical Research of Intervertebral Disc Degeneration (2025 Edition),10.12300/j.issn.1674-5817.2025.048,2025
Development and validation of diagnostic and prognostic prediction tools for dental caries in young children through prospective and cross-sectional observational studies: a protocol,10.1136/bmjopen-2025-105145,2025
Augmentation of a Posterosuperior Cuff Repair With a Bovine Bioinductive Collagen Implant Shows a Lower Retear Rate but Similar Outcomes Compared With No Augmentation: 2-Year Results of a Randomized Controlled Trial,10.1016/j.arthro.2025.03.057,2025
Retrospective evaluation of the diagnosis of acetabular fracture in cattle and the outcome after conservative treatment,10.1016/j.tvjl.2025.106375,2025
Cementless Tibial Fixation Results in Slower Recovery but Equivalent Outcome at 12 months in Primary Total Knee Arthroplasty,10.1016/j.artd.2025.101792,2025
Evaluation of oral meloxicam in beef calves with neonatal calf diarrhea,10.2460/javma.25.03.0202,2025
"Current status of bovine cysticercosis and human taeniosis in areas surrounding Halaba Kulito Town, Central Ethiopia Regional State, Ethiopia",10.1007/s11259-025-10835-4,2025
The Clinical Status of Patients With Lumbar Spinal Stenosis Reflects Their Individual Decision to Undergo or Defer Lumbar Spinal Surgery,10.5435/JAAOS-D-24-00760,2025
Micro-Expression-Based Facial Analysis for Automated Pain Recognition in Dairy Cattle: An Early-Stage Evaluation,10.3390/ai6090199,2025
Comprehensive review on prevalence of caseous lymphadenitis (CLA) in dairy goats: A systematic review and meta-analysis,10.12982/VIS.2025.074,2025
Prospective multicenter study assessing radiographic and patient outcomes following an instrumented mini-open triplanar tarsometatarsal arthrodesis with early weightbearing,10.1053/j.jfas.2025.03.018,2025
Immediate implant placement in a chronic periradicular resorptive lesion: A case report of timely restoration and successful outcomes,10.4103/jisp.jisp_87_25,2025
Risk factors for padel injuries: A cross-sectional study of 645 French padel players,10.1016/j.jts.2024.11.004,2025
Reducing flavor loss in precooked beef: The critical role of freezing processes,10.1016/j.foodchem.2025.144420,2025
Surgical Management of Mechanical Intestinal Ileus under Right Paravertebral Nerve Block and Lignocaine Continuous Rate of Infusion in Cattle,10.18805/IJAR.B-4804,2025
Functional popliteal artery entrapment syndrome in an athletic adolescent: a case report and surgical insights,10.1016/j.avsurg.2025.100389,2025
Comparison of the effect of anterolateral thigh perforator flap pedicled with oblique branch and descending branch of lateral circumflex femoral artery in treatment of limb wounds,10.3760/cma.j.cn441206-20241119-00251,2025
Clinical effect of free perforator flap of superficial peroneal artery treatment of degloving injury of thumb and finger: a report of 14 cases,10.3760/cma.j.cn441206-20250115-00016,2025
Differences in pain and trauma caused by common sampling devices used in the United States for Tritrichomonas foetus testing in bulls,10.2460/javma.24.10.0681,2025
Comparison of Intravenous and Oral Meloxicam Pharmacokinetics in Female and Male Saanen Goats,10.3390/vetsci12080686,2025
An Indian Gaur (Bos gaurus) Gores in the Western Ghats-A case report,10.1016/j.tcr.2025.101201,2025
Application effectiveness analysis of multidisciplinary collaboration within the Enhanced Recovery After Surgery concept in elderly patients undergoing hip fracture surgery,10.1111/ggi.70106,2025
A Comparison of the Health and Production Effects of Local Anaesthetic and Non-Steroidal Anti-Inflammatory Drugs with and Without Xylazine Sedation for Calf Disbudding,10.3390/dairy6040047,2025
Construction of a risk profile and nursing recommendations for the community-dwelling elderly at high risk of osteosarcopenia,10.3761/j.issn.0254-1769.2025.14.015,2025
Clinical efficacy of endoscopic debridement combined with percutaneous fascia muscle suture and packing compression in the treatment of closed Morel-Lavallée injury of lower limbs,10.3760/cma.j.cn101202-20241030-00317,2025
Use of the rectus sheath block for perioperative analgesia in three foals undergoing omphalectomy and cystoplasty,10.1016/j.vaa.2025.04.001,2025
Outcomes of native or graft abdominal aortic infection managed with orthotopic xeno pericardial grafts or cryopreserved allograft,10.1016/j.jvs.2025.03.182,2025
Attitudes towards cattle handling among Western Canadian cow-calf handlers: The role of handling training and perspectives on beef cattle welfare,10.1016/j.rvsc.2025.105654,2025
Redefining lameness assessment: Constructing lameness hierarchy using crowd-sourced data,10.1016/j.compag.2025.110206,2025
Safety of bioinductive bovine collagen implants for arthroscopic rotator cuff repair,10.1016/j.jseint.2025.03.009,2025
"Comparative Evaluation of Clinical, Ultrasonographic and Specific Serum Biomarkers of Traumatic Reticuloperitonitis and Traumatic Pericarditis in Cattle",10.5455/ajvs.249209,2025
Determination of the Reliability and Accuracy of the Brix Refractometer for the Detection of Colostrum Quality in Sheep,10.1002/vms3.70433,2025
Serum albumin sensitization in children with cow's milk allergy: Clinical relevance to red meat reactions,10.1111/pai.70157,2025
A Prospective Double-Blinded Randomized Controlled Trial Comparing the Direct Superior Approach Versus the Posterior Approach for THA,10.2106/JBJS.24.00830,2025
The Relationship Between Lower Limb Biomechanics and Muscle Strength With Non-Specific Low Back Pain,10.33607/rmske.v1i32.1606,2025
Hepatocyte growth factor for walking performance in peripheral artery disease,10.1016/j.jvs.2024.12.124,2025
Neurotoxicity of Traditional Plant-Based Veterinary Medicine: Current Status and Challenges,10.1007/s40011-024-01568-6,2025
Reproductive impacts and disease burden of metritis and placental retention in dairy cows: A longitudinal monitoring study in Southern Vietnam (2022–2024),10.14202/vetworld.2025.1433-1439,2025
Functional mobility and pain are improved for 6 years after adolescent bariatric surgery,10.1002/oby.24285,2025
Clinical efficacy of sodium aescinate administration following endovenous laser ablation for varicose veins,10.1177/17085381241249288,2025
"Pharmacokinetic evaluation of meloxicam following intravenous and intramuscular administration in Crocodylus siamensis, a freshwater crocodile",10.1016/j.tvjl.2025.106342,2025
Efficacy of Vitamin C as Glucocorticoid Substitute for Reducing Pain and Inflammation After Total Hip Arthroplasty A Randomized Controlled Trial,10.2106/JBJS.24.01080,2025
"Efficacy of Procaine, With and Without Epinephrine, Compared to Lidocaine in Local Anesthesia for Calves Before Thermocautery Disbudding",10.1111/jvp.13493,2025
Retrospective study of CT bone fusion at 1 year in transforaminal lumbar interbody fusions (TLIF) with bovine derived bone substitute,10.1016/j.rcot.2024.12.008,2025
Evaluation of a composite pain scale including facial expressions for detecting orthopedic pain in lame dairy cows,10.3168/jds.2024-25692,2025
Effectiveness of reducing tendon compression in the rehabilitation of insertional Achilles tendinopathy: A randomised clinical trial,10.1136/bjsports-2024-109138,2025
Development of Smart pH-Sensitive Collagen-Hydroxyethylcellulose Films with Naproxen for Burn Wound Healing,10.3390/ph18050689,2025
Clinical validation of the Unesp-Botucatu acute pain scale in sheep undergoing orthopedic surgery,10.1371/journal.pone.0323132,2025
"Kinematic changes in dairy cows with induced, unilateral forelimb lameness during straight line walk",10.1016/j.animal.2025.101482,2025
History of primary hypertrophic osteoarthropathy,10.1007/s10067-025-07405-z,2025
Comparison of behavioural indicators of acute pain and stress during and after three methods of handling and restraint for pre-weaned beef calves,10.1016/j.applanim.2025.106623,2025
Biocompatibility of a novel lung sealant based on functionalized polyoxazolines in an ovine model of parenchymal lung injury,10.21037/jtd-24-1733,2025
Sheep Models in Translational Surgery,10.1159/000546157,2025
Nurses' knowledge about the assessment and therapeutic plan of patients at risk of venous thromboembolism,10.12957/reuerj.2025.82565,2025
Tourniquet Use During Anterior Cruciate Ligament Reconstruction Is Associated With Postoperative Quadriceps Atrophy and Pain but No Negative Effects in the Long Term: A Systematic Review,10.1016/j.asmr.2024.101040,2025
Characterization of Pain in Lipedema: Reliability and Validity of Pain Pressure Thresholds and Hand-Held Sphygmomanometer Assessments in People with Lipedema,10.1089/lrb.2024.0058,2025
An experimental methodology to measure the effects of intervertebral interventions on the facet biomechanics in situ,10.1016/j.jbiomech.2025.112617,2025
"Associations Between Non-Steroidal and Steroidal Anti-Inflammatory Drug Use, Welfare, and Milk Production in Dairy Sheep: A Multivariate Study",10.3390/ani15081104,2025
Chronic musculoskeletal pain and its association with cognitive function and sarcopenia in older adults: Characterization and change over three months,10.1016/j.jpain.2025.105341,2025
Effectiveness of Massage Gun Versus Myofascial Release Technique for Releasing Latent Trigger Points of the Calf Muscle: A Protocol for Randomized Clinical Trial,10.1002/pri.70055,2025
Psychophysical changes after total sleep deprivation and experimental muscle pain,10.1111/jsr.14329,2025
"Do bulls experience pain or stress during electroejaculation? Evidence from electroencephalography, behavioral, hormonal, and metabolite profiling",10.14202/vetworld.2025.763-772,2025
Application of arthroscopy-assisted posterior malleolar reduction in the surgical management of ankle fracture-dislocation,10.3760/cma.j.cn121113-20241118-00667,2025
Digital three-dimensional assisted unilateral biportal endoscopy in treatment of highly isolated lumbar disc herniation with translaminar approach,10.7507/1002-1892.202412012,2025
Anti-arthritic and anti-inflammatory activity of linalool against formaldehyde and complete Freund's adjuvant induced arthritis in rats,10.1016/j.bbrc.2025.151462,2025
Ultrasound-guided caudal quadratus lumborum block combined with the greater ischiatic notch plane block in a goat with femoral head fracture,10.1016/j.vaa.2024.12.010,2025
Rationale and design of the DEFIANCE study: A randomized controlled trial of mechanical thrombectomy versus anticoagulation alone for iliofemoral deep vein thrombosis,10.1016/j.ahj.2024.10.016,2025
Problems in Diagnosis and Treatment of Soleus Muscle Injuries—Narrative Review and Case Report,10.3390/jcm14061955,2025
Hypercapnia Reduces Perceived Heat Pain in Healthy Subjects,10.1002/ejp.70001,2025
Healing of Mohs Surgery Wounds on the Vermilion and Cutaneous Lip With Bovine Collagen Dressings,10.36849/JDD.8570,2025
Nutritional counseling's impact on muscle mass and quality of life in stage 4 chronic kidney disease malnourished patients,10.1177/09287329241291370,2025
Analysis of the effects of postoperative cluster nursing care on the incidence rate of postoperative complications and nutritional indicators in patients with primary laryngeal cancer,10.1007/s12094-024-03673-4,2025
Case report: Treatment of chronic venous ulceration,10.1016/j.jvn.2024.11.005,2025
Haemodynamic perspective of middle uterine artery in relation to delayed case of uterine torsion in Jersey cow,10.1002/vrc2.1042,2025
Nutritional Status and Its Impact on Treatment Tolerance in Non-Small-Cell Lung Cancer Patients Receiving Osimertinib,10.3390/nu17050927,2025
"Efficacy of Different Doses of Intra-Articular Tranexamic Acid for Reducing Blood Loss and Lower Limb Swelling After Total Knee Arthroplasty: A Prospective, Randomized, Controlled Trial",10.1111/os.14317,2025
A case of pancreatic cystic echinococcosis misdiagnosed as pancreatic plasma cystadenoma,10.12140/j.issn.1000-7423.2025.01.025,2025
Development of a physiologically based pharmacokinetic model for flunixin in cattle and swine following dermal exposure,10.1093/toxsci/kfae139,2025
Gait Speed Reserve in the general population-based ‘Good Aging in Skåne’ cohort study—distribution and associated factors,10.1007/s11357-024-01318-6,2025
